-- Arthur_Sql
-- Author: HaoJun0823
-- DateCreated: 5/13/2021 2:05:20 AM
--------------------------------------------------------------
INSERT INTO TraitModifiers (TraitType, ModifierId) VALUES 
('TRAIT_LEADER_EXCALIBUR_ARTHUR', 'MODIFIER_ARTHUR_BUILDER_CHARGES');

INSERT INTO Modifiers (ModifierId, ModifierType, RunOnce, Permanent, NewOnly, OwnerRequirementSetId, SubjectRequirementSetId) VALUES 
('MODIFIER_ARTHUR_BUILDER_CHARGES', 'MODIFIER_PLAYER_UNITS_ADJUST_BUILDER_CHARGES', 0, 0, 0, NULL, 'REQUIREMENTSET_ARTHUR_UNIT_BUILDER');

INSERT INTO ModifierArguments (ModifierId, Name, Value) VALUES 
('MODIFIER_ARTHUR_BUILDER_CHARGES', 'Amount', '2');

-- RequirementSets

INSERT INTO RequirementSets (RequirementSetId, RequirementSetType) VALUES 
('REQUIREMENTSET_ARTHUR_UNIT_BUILDER', 'REQUIREMENTSET_TEST_ANY');

INSERT INTO RequirementSetRequirements (RequirementSetId, RequirementId) VALUES 
('REQUIREMENTSET_ARTHUR_UNIT_BUILDER', 'REQUIREMENT_ARTHUR_UNIT_BUILDER_TYPE_MATHCES');

--

INSERT INTO TraitModifiers (TraitType, ModifierId) VALUES 
('TRAIT_LEADER_EXCALIBUR_ARTHUR', 'MODIFIER_ARTHUR_BUILDER_SETTLER');

INSERT INTO Modifiers (ModifierId, ModifierType, RunOnce, Permanent, NewOnly, OwnerRequirementSetId, SubjectRequirementSetId) VALUES 
('MODIFIER_ARTHUR_BUILDER_SETTLER', 'MODIFIER_PLAYER_UNITS_ADJUST_MOVEMENT', 0, 0, 0, NULL,'REQUIREMENTSET_ARTHUR_UNIT_BUILDER_SETTLER');

INSERT INTO ModifierArguments (ModifierId, Name, Value) VALUES 
('MODIFIER_ARTHUR_BUILDER_SETTLER', 'Amount', '1');

-- RequirementSets

INSERT INTO RequirementSets (RequirementSetId, RequirementSetType) VALUES 
('REQUIREMENTSET_ARTHUR_UNIT_BUILDER_SETTLER', 'REQUIREMENTSET_TEST_ANY');

INSERT INTO RequirementSetRequirements (RequirementSetId, RequirementId) VALUES 
('REQUIREMENTSET_ARTHUR_UNIT_BUILDER_SETTLER', 'REQUIREMENT_ARTHUR_UNIT_BUILDER_TYPE_MATHCES'), 
('REQUIREMENTSET_ARTHUR_UNIT_BUILDER_SETTLER', 'REQUIREMENT_ARTHUR_UNIT_SETTLER_TYPE_MATHCES'),
('REQUIREMENTSET_ARTHUR_UNIT_BUILDER_SETTLER', 'REQUIREMENT_ARTHUR_UNIT_SPECIAL_TYPE_MATHCES');

-- Requirements

INSERT INTO Requirements (RequirementId, RequirementType) VALUES 
('REQUIREMENT_ARTHUR_UNIT_BUILDER_TYPE_MATHCES', 'REQUIREMENT_UNIT_TYPE_MATCHES'), 
('REQUIREMENT_ARTHUR_UNIT_SETTLER_TYPE_MATHCES', 'REQUIREMENT_UNIT_TYPE_MATCHES'),
('REQUIREMENT_ARTHUR_UNIT_SPECIAL_TYPE_MATHCES', 'REQUIREMENT_UNIT_TYPE_MATCHES');

INSERT INTO RequirementArguments (RequirementId, Name, Value) VALUES 
('REQUIREMENT_ARTHUR_UNIT_BUILDER_TYPE_MATHCES', 'UnitType', 'UNIT_BUILDER'), 
('REQUIREMENT_ARTHUR_UNIT_SETTLER_TYPE_MATHCES', 'UnitType', 'UNIT_SETTLER'),
('REQUIREMENT_ARTHUR_UNIT_SPECIAL_TYPE_MATHCES', 'UnitType', 'UNIT_ROUND_TABLE');


INSERT INTO TraitModifiers (TraitType, ModifierId) VALUES 
('TRAIT_LEADER_EXCALIBUR_ARTHUR', 'MODIFIER_ARTHUR_BUILDER_DISTRICT');

INSERT INTO Modifiers (ModifierId, ModifierType, RunOnce, Permanent, NewOnly, OwnerRequirementSetId, SubjectRequirementSetId) VALUES 
('MODIFIER_ARTHUR_BUILDER_DISTRICT', 'MODIFIER_PLAYER_ADJUST_UNIT_DISTRICT_PERCENT', 0, 0, 0, NULL, NULL);

INSERT INTO ModifierArguments (ModifierId, Name, Value) VALUES 
('MODIFIER_ARTHUR_BUILDER_DISTRICT', 'Amount', '25');


--


INSERT INTO TraitModifiers (TraitType, ModifierId) VALUES 
('TRAIT_LEADER_EXCALIBUR_ARTHUR', 'MODIFIER_ARTHUR_BUILDING_ALIVE');

INSERT INTO Modifiers (ModifierId, ModifierType, RunOnce, Permanent, NewOnly, OwnerRequirementSetId, SubjectRequirementSetId) VALUES 
('MODIFIER_ARTHUR_BUILDING_ALIVE', 'MODIFIER_PLAYER_CITIES_ADJUST_GREAT_PERSON_POINT_BONUS', 0, 0, 0, 'REQUIREMENTSET_ARTHUR_BUILDING_ALIVE', NULL);

INSERT INTO ModifierArguments (ModifierId, Name, Value) VALUES 
('MODIFIER_ARTHUR_BUILDING_ALIVE', 'Amount', '50');

-- RequirementSets

INSERT INTO RequirementSets (RequirementSetId, RequirementSetType) VALUES 
('REQUIREMENTSET_ARTHUR_BUILDING_ALIVE', 'REQUIREMENTSET_TEST_ALL');

INSERT INTO RequirementSetRequirements (RequirementSetId, RequirementId) VALUES 
('REQUIREMENTSET_ARTHUR_BUILDING_ALIVE', 'REQUIREMENT_CITY_HAS_ARTHURIAN_CASTLE_ARTHUR');

-- Requirements

INSERT INTO Requirements (RequirementId, RequirementType) VALUES 
('REQUIREMENT_CITY_HAS_ARTHURIAN_CASTLE_ARTHUR', 'REQUIREMENT_CITY_HAS_BUILDING');

INSERT INTO RequirementArguments (RequirementId, Name, Value) VALUES 
('REQUIREMENT_CITY_HAS_ARTHURIAN_CASTLE_ARTHUR', 'BuildingType', 'BUILDING_ARTHURIAN_CASTLE');


--

INSERT INTO TraitModifiers (TraitType, ModifierId) VALUES 
('TRAIT_LEADER_EXCALIBUR_ARTHUR', 'MODIFIER_ARTHUR_BUILDING_ALIVE_NUMBER');

INSERT INTO Modifiers (ModifierId, ModifierType, RunOnce, Permanent, NewOnly, OwnerRequirementSetId, SubjectRequirementSetId) VALUES 
('MODIFIER_ARTHUR_BUILDING_ALIVE_NUMBER', 'MODIFIER_PLAYER_UNITS_ADJUST_COMBAT_STRENGTH', 0, 0, 0, 'REQUIREMENTSET_ARTHUR_BUILDING_ALIVE_NUMBER', NULL);

INSERT INTO ModifierArguments (ModifierId, Name, Value) VALUES 
('MODIFIER_ARTHUR_BUILDING_ALIVE_NUMBER', 'Amount', '12');


INSERT INTO TraitModifiers (TraitType, ModifierId) VALUES 
('TRAIT_LEADER_EXCALIBUR_ARTHUR', 'MODIFIER_ARTHUR_BUILDING_ALIVE_NUMBER_SPEED');

INSERT INTO Modifiers (ModifierId, ModifierType, RunOnce, Permanent, NewOnly, OwnerRequirementSetId, SubjectRequirementSetId) VALUES 
('MODIFIER_ARTHUR_BUILDING_ALIVE_NUMBER_SPEED', 'MODIFIER_PLAYER_UNITS_ADJUST_MOVEMENT', 0, 0, 0, 'REQUIREMENTSET_ARTHUR_BUILDING_ALIVE_NUMBER', NULL);

INSERT INTO ModifierArguments (ModifierId, Name, Value) VALUES 
('MODIFIER_ARTHUR_BUILDING_ALIVE_NUMBER_SPEED', 'Amount', '6');


-- RequirementSets

INSERT INTO RequirementSets (RequirementSetId, RequirementSetType) VALUES 
('REQUIREMENTSET_ARTHUR_BUILDING_ALIVE_NUMBER', 'REQUIREMENTSET_TEST_ALL');

INSERT INTO RequirementSetRequirements (RequirementSetId, RequirementId) VALUES 
('REQUIREMENTSET_ARTHUR_BUILDING_ALIVE_NUMBER', 'REQUIREMENT_CITY_HAS_ARTHURIAN_CASTLE_ARTHUR_NUMBER');

-- Requirements

INSERT INTO Requirements (RequirementId, RequirementType) VALUES 
('REQUIREMENT_CITY_HAS_ARTHURIAN_CASTLE_ARTHUR_NUMBER', 'REQUIREMENT_PLAYER_HAS_AT_LEAST_NUM_BUILDINGS');

INSERT INTO RequirementArguments (RequirementId, Name, Value) VALUES 
('REQUIREMENT_CITY_HAS_ARTHURIAN_CASTLE_ARTHUR_NUMBER', 'Amount', '12'), 
('REQUIREMENT_CITY_HAS_ARTHURIAN_CASTLE_ARTHUR_NUMBER', 'BuildingType', 'BUILDING_ARTHURIAN_CASTLE');

--INSERT INTO TraitModifiers (TraitType, ModifierId) VALUES 
--('TRAIT_LEADER_EXCALIBUR_ARTHUR', 'MODIFIER_ARTHUR_DISTRICT');

--INSERT INTO TraitModifiers (TraitType, ModifierId) VALUES 
--('TRAIT_LEADER_EXCALIBUR_ARTHUR', 'MODIFIER_ARTHUR_DISTRICT_ATTACH');

--INSERT INTO Modifiers (ModifierId, ModifierType, RunOnce, Permanent, NewOnly, OwnerRequirementSetId, SubjectRequirementSetId) VALUES 
--('MODIFIER_ARTHUR_DISTRICT_ATTACH', 'MODIFIER_PLAYER_CITIES_ATTACH_MODIFIER', 0, 0, 0, NULL, NULL);

--INSERT INTO ModifierArguments (ModifierId, Name, Value) VALUES 
--('MODIFIER_ARTHUR_DISTRICT_ATTACH', 'ModifierId', 'MODIFIER_ARTHUR_DISTRICT');


--INSERT INTO Modifiers (ModifierId, ModifierType, RunOnce, Permanent, NewOnly, OwnerRequirementSetId, SubjectRequirementSetId) VALUES 
--('MODIFIER_ARTHUR_DISTRICT', 'MODIFIER_CITY_DISTRICTS_ADJUST_YIELD_MODIFIER', 0, 0, 0, NULL, NULL);

--INSERT INTO ModifierArguments (ModifierId, Name, Value) VALUES 
--('MODIFIER_ARTHUR_DISTRICT', 'Amount', '2'), 
--('MODIFIER_ARTHUR_DISTRICT', 'YieldType', 'YIELD_PRODUCTION');

INSERT INTO TraitModifiers (TraitType, ModifierId) VALUES 
('TRAIT_LEADER_EXCALIBUR_ARTHUR', 'MODIFIER_ARTHUR_DISTRICT');

INSERT INTO Modifiers (ModifierId, ModifierType, RunOnce, Permanent, NewOnly, OwnerRequirementSetId, SubjectRequirementSetId) VALUES 
('MODIFIER_ARTHUR_DISTRICT', 'MODIFIER_PLAYER_DISTRICTS_ADJUST_YIELD_CHANGE', 0, 0, 0, NULL, NULL);

INSERT INTO ModifierArguments (ModifierId, Name, Value) VALUES 
('MODIFIER_ARTHUR_DISTRICT', 'Amount', '4'), 
('MODIFIER_ARTHUR_DISTRICT', 'YieldType', 'YIELD_PRODUCTION');
